"x1","x2","class"
8.6661,-2.8073,0
8.1674,-2.4586,0
-2.6383,1.9242,0
9.5228,-4.0112,0
-4.4552,4.5718,0
9.6718,-3.9606,0
3.0129,0.72888,0
-6.81,8.4636,0
5.7588,-0.75345,0
9.1772,-2.2718,0
8.7779,-2.2135,0
-2.7066,2.3946,0
7.6625,0.15394,0
10.843,2.5462,0
8.7261,-2.9915,0
-3.3895,3.4896,0
3.0646,0.37158,0
2.8473,4.3439,0
-4.8794,8.3428,0
11.0272,-4.353,0
7.8902,-2.6196,0
-4.4552,4.5718,0
10.1622,-3.8235,0
8.8855,-1.6831,0
9.887,-4.6795,0
-5.4981,8.3368,0
-3.7413,5.5777,0
8.3909,2.1624,0
9.8187,-4.4113,0
-3.3584,3.4202,0
-0.17797,4.9068,0
3.6274,3.308,0
7.617,-2.3874,0
9.4111,1.7305,0
0.80908,8.1628,0
6.4417,-0.80743,0
6.0195,-0.46641,0
0.81322,1.6277,0
3.1929,-2.1055,0
9.7008,-3.7541,0
8.722,-3.0224,0
9.2207,-3.7044,0
9.2931,-0.41243,0
5.8395,2.3235,0
6.9176,-0.79372,0
9.5663,-3.7867,0
6.6258,0.48382,0
9.5663,-3.7867,0
6.065,-2.4534,0
3.286,2.8753,0
-4.8835,3.4356,0
3.9834,-1.5572,0
5.825,-0.51439,0
6.1499,-1.1605,0
5.496,-2.4774,0
0.80287,1.6371,0
6.7769,-0.61979,0
5.0097,-2.2384,0
-4.1096,4.5701,0
11.3603,-0.37644,0
0.44696,4.5907,0
5.527,1.7785,0
11.2962,-4.0943,0
-1.1174,1.5454,0
3.1039,-1.1536,0
2.599,2.0938,0
-4.0765,2.7587,0
9.5332,-3.0789,0
7.7846,-0.28219,0
8.9848,-0.9351,0
-2.3548,2.3792,0
0.49248,1.093,0
10.0153,-3.9486,0
-3.4495,3.643,0
10.9072,-4.5775,0
3.5364,0.57551,0
7.9853,-2.5477,0
6.1437,1.7828,0
7.6439,0.9885,0
3.9647,3.3979,0
9.0862,-3.3668,0
2.2907,0.95766,0
8.5978,-2.9375,0
7.7763,-0.23849,0
6.63,-0.63435,0
2.6756,0.80685,0
1.9037,7.5339,0
6.8141,0.84198,0
-2.7956,2.0707,0
0.81529,2.1041,0
7.6377,-2.7876,0
3.584,0.72545,0
8.2068,-2.7824,0
-6.3175,7.9632,0
1.7837,2.1161,0
-4.6062,8.347,0
1.076,0.64577,0
-6.8804,8.1517,0
10.9279,-4.0112,0
11.4038,2.5394,0
-5.1856,3.6935,0
-2.4211,2.6413,0
-0.49871,0.62863,0
-4.6145,3.9823,0
0.22761,0.96108,0
1.2395,1.997,0
10.6651,-3.5288,0
7.886,-1.6643,0
9.5414,-4.2536,0
10.8306,-3.3437,0
-4.4676,3.7304,0
5.6946,0.094818,0
9.647,-3.2074,0
6.8162,-1.2804,0
6.9176,-1.2744,0
2.9135,-0.822,0
7.4163,-1.8245,0
6.7955,-0.1708,0
0.70768,2.29,0
-3.7971,4.6429,0
10.6878,-3.4071,0
10.4023,-4.1722,0
9.1214,1.7425,0
1.9224,7.1466,0
9.9884,1.1804,0
7.2011,-1.2153,0
12.9516,3.3285,0
-2.8846,2.2558,0
1.3098,0.055404,0
1.1112,1.7425,0
-4.3414,3.6884,0
8.6703,-2.8913,0
6.1416,0.37929,0
5.5395,2.033,0
9.3987,0.85998,0
11.2196,-3.6136,0
9.4669,-4.9417,0
8.2026,-2.6256,0
10.5388,-4.1174,0
9.2207,-3.7044,0
0.94358,4.5512,0
-0.34765,4.1905,0
3.3336,-1.4244,0
-3.2467,3.4579,0
10.1539,-3.8561,0
-3.2633,3.0895,0
0.78425,1.1033,0
-0.1759,5.1827,0
0.9829,0.68861,0
7.4018,0.071684,0
8.2274,-2.4166,0
11.9211,2.6756,0
0.21313,0.20278,0
11.112,-4.2039,0
8.1654,-0.023425,0
-0.99533,5.3404,0
-4.5752,5.947,0
-3.7723,2.883,0
-4.4862,3.6558,0
4.2358,2.1341,0
3.8964,-1.4304,0
8.6165,-3.2794,0
7.8695,0.26876,0
9.3593,-3.3565,0
1.5995,-0.00029081,0
-3.2674,2.5839,0
8.6496,-0.96252,0
6.901,-2.0062,0
11.8818,2.0458,0
6.2761,-1.5495,0
-0.0248,1.2421,0
-2.4583,2.2806,0
1.0657,8.8294,0
10.7271,2.0938,0
2.4707,2.4931,0
-3.7971,3.4391,0
9.1297,-3.725,0
5.6864,-1.7157,0
-1.7775,8.3316,0
9.798,-3.0361,0
3.0149,0.22849,0
-1.5789,8.03,0
8.6165,1.8419,0
7.4101,-0.97709,0
11.9459,3.0946,0
10.8803,1.931,0
-4.4614,3.8024,0
6.3672,-0.036278,0
-3.6275,2.8684,0
-5.0325,6.6608,0
-3.7971,4.6429,0
10.1684,-4.1131,0
-0.08485,4.1785,0
3.0687,0.68604,0
12.3784,0.70403,0
7.886,-1.6643,0
7.257,-1.9153,0
6.0816,0.23705,0
-2.1914,2.4648,0
5.8747,-2.8167,0
10.8265,2.3603,0
-3.5943,3.5573,0
9.5663,-3.7867,0
10.2615,-3.8552,0
7.5404,0.65005,0
2.2327,-0.26334,0
5.2684,-2.8904,0
9.2683,-3.5913,0
7.6046,-0.47755,0
-0.73874,5.4672,0
9.1814,-4.6067,0
10.1891,-4.2759,0
8.0081,-3.7258,0
2.3259,4.9085,0
0.74493,0.83256,0
2.9673,-1.3267,0
3.2964,0.2362,0
1.0326,5.6566,0
7.6274,1.2061,0
10.2678,-2.953,0
12.5398,2.9438,0
6.4665,-0.75688,0
0.6394,5.989,0
10.5326,-4.5852,0
4.1158,3.1143,0
3.2136,4.3465,0
-0.0248,1.2421,0
10.1374,-1.331,0
-3.137,1.9259,0
1.5478,0.041694,0
1.552,7.0806,0
11.9604,3.0835,0
-0.033118,4.7355,0
-0.63321,7.3848,0
2.8701,0.51124,0
2.03,2.1761,0
9.498,2.4408,0
-2.1521,2.6302,0
0.90427,1.1693,0
9.5083,-3.1783,0
6.9321,-1.0456,0
1.5664,7.5382,0
3.5488,1.3964,0
6.8576,-1.0671,0
9.3821,-3.2477,0
-2.806,2.0116,0
0.48213,4.7449,0
-0.99326,5.2119,0
0.7098,0.7572,0
8.4551,-1.672,0
-4.4552,3.1769,0
10.1105,-1.6917,0
9.1938,-0.9094,0
3.257,-1.3721,0
10.6568,-4.1388,0
-3.6792,3.8281,0
-2.9177,2.2232,0
5.9947,0.53009,0
0.79459,0.95851,0
2.2948,2.1135,0
7.2073,-1.6814,0
2.8908,0.59693,0
7.6067,-0.9788,0
7.2052,-3.2846,0
6.6155,-0.79287,0
4.7055,1.3758,0
9.7484,0.15394,0
9.7939,-4.1508,0
-3.7971,4.6429,0
2.4107,-0.17594,0
10.0215,-4.2699,0
9.9946,-3.8081,0
-0.070365,2.0416,0
6.7976,-0.40301,0
0.13863,0.12138,0
6.2637,-1.9513,0
-0.16555,0.45383,0
-4.7759,8.4182,0
7.7763,-2.7473,0
7.7557,-0.16823,0
-0.46146,7.7267,0
-2.9363,2.1992,0
-4.0599,3.6259,0
-0.89808,8.0883,0
10.2678,-2.953,0
-6.4334,8.15,0
-4.4221,8.09,0
10.5471,-1.4175,0
2.9487,4.3225,0
6.2265,0.12224,0
3.5136,0.61406,0
11.9625,0.078538,0
6.1189,-2.4294,0
-9.2828e-06,4.816,0
1.1588,3.9249,0
6.0795,-0.5778,0
7.0521,-2.0541,0
8.035,-0.19651,0
0.83391,5.4552,0
9.0386,-3.2417,0
-4.4552,4.5718,0
6.8369,-0.2702,0
8.7489,-1.2641,0
11.6894,2.5454,0
10.4726,-3.0087,0
9.767,-1.3687,0
9.2186,-3.2863,0
-4.7863,8.5193,0
10.1788,-4.2185,0
7.6956,-2.7696,0
-2.7004,2.4957,0
-4.9704,3.5025,0
2.2948,3.2403,0
5.1939,-1.7971,0
8.3847,-2.0567,0
-4.4552,4.5718,0
5.2808,-2.2598,0
5.6574,0.72974,0
-4.7076,7.9186,0
2.2493,1.3458,0
-3.2633,3.0895,0
9.5911,-3.9032,0
2.0175,7.7618,0
10.0277,-3.9298,0
1.2829,1.9276,0
2.4976,1.0313,0
-6.4624,8.3573,0
9.4607,-4.9288,0
6.8224,-0.67377,0
2.9094,2.9044,0
2.4542,2.5188,0
1.2436,4.2171,0
1.3078,1.291,0
5.8126,-2.2306,0
1.4112,1.8076,0
-4.0724,4.2882,0
3.9213,0.70574,0
2.33,4.9334,0
5.616,2.2138,0
6.7562,0.0099913,0
7.8653,-2.3515,0
11.5093,0.15565,0
0.23175,0.89082,0
10.3878,-1.4029,0
7.1307,-1.3035,0
7.886,-1.6643,0
0.46972,1.6671,0
0.91254,1.5806,0
3.1122,0.80857,0
8.5234,3.1392,0
10.2036,2.1787,0
-3.2633,3.0895,0
-4.4552,4.5718,0
5.3449,2.045,0
9.3718,-4.0351,0
8.0329,1.8848,0
9.0821,-3.3111,0
8.6889,-2.9033,0
10.8161,-3.3,0
11.5176,1.8231,0
-4.2006,4.1914,0
3.2674,0.90967,0
4.8028,2.0878,0
0.57732,1.3424,0
5.5788,-2.4089,0
1.734,1.6011,0
6.332,-1.7791,0
7.7391,-0.37816,0
3.1639,0.22677,0
1.3781,1.1582,0
9.9636,-3.1749,0
-3.9358,2.8633,0
11.17,-1.3824,0
8.871,-2.3386,0
0.070346,6.8681,0
10.7727,-1.3884,0
7.8384,-3.5348,0
11.6542,2.6542,0
9.0096,-3.761,0
2.4955,0.48554,0
0.039307,6.2332,0
10.1457,-4.084,0
2.6963,4.2908,0
10.1457,-4.0463,0
10.3754,-1.5435,0
7.4908,0.015989,0
11.1472,1.9353,0
-2.6611,2.8358,0
11.5321,2.5899,0
10.423,-4.1602,0
8.2895,-1.9213,0
6.8783,0.44784,0
5.5643,1.6765,0
10.0526,-3.8869,0
12.1177,0.28846,0
4.4303,-1.3335,0
3.1349,0.34073,0
5.9781,1.3912,0
0.35798,2.0416,0
5.6222,0.27561,0
-0.15521,6.4911,0
-5.8395,7.7687,0
6.9383,0.57722,0
-2.5845,2.2309,0
0.7098,0.7572,0
7.4266,1.2353,0
7.946,1.0742,0
6.1975,1.099,0
1.1319,0.72202,0
7.1018,0.3493,0
0.46351,4.6472,0
0.45937,1.3621,0
9.7794,-3.9075,0
-0.15314,2.53,0
9.2621,-3.521,0
-3.8696,4.044,0
11.1079,-4.0857,0
1.3864,5.2727,0
1.5892,7.0078,0
-5.1153,8.6127,0
12.1611,2.8204,0
1.2954,7.701,0
10.0132,-4.3239,0
8.8068,0.94566,0
6.3961,0.092248,0
-4.809,8.2142,0
10.8409,2.7827,0
10.2678,-2.953,0
-0.14693,0.80342,0
-4.9518,6.3729,0
6.3465,-0.1828,0
4.9228,2.0013,0
8.2316,-3.2511,0
9.6325,-3.1123,0
10.0857,-4.2931,0
8.7986,-2.1672,0
0.7098,0.7572,0
6.0319,1.6825,0
5.6802,-1.9693,0
2.1065,-0.28305,0
0.66216,2.1041,0
10.2429,-1.4912,0
9.8022,-3.8209,0
2.9942,0.85141,0
6.1189,0.46497,0
-3.4143,2.7742,0
2.9653,0.20021,0
2.9735,0.92852,0
10.5885,-3.725,0
-3.2902,3.1674,0
-3.9585,4.3439,0
7.795,-2.6848,0
9.0862,-1.2281,0
9.7753,-3.9795,0
6.1251,0.52924,0
10.216,-3.4414,0
1.8644,2.6491,0
3.1287,4.2933,0
-3.0729,3.0423,0
9.0552,-2.4089,0
8.393,-1.361,0
8.7324,-2.9007,0
7.6046,-2.3429,0
11.2217,1.9079,0
-0.44284,0.38015,0
12.1984,0.67661,0
3.5985,1.9387,0
8.96,-2.9024,0
7.2094,-3.2794,0
6.5079,2.0133,0
9.2931,-0.7843,0
6.8866,1.0588,0
6.1851,-2.0439,0
7.3108,-0.81857,0
9.7546,-3.1749,0
0.23175,2.0133,0
0.7098,0.7572,0
6.69,-1.2042,0
0.8546,7.1303,0
2.4769,1.9379,0
-0.57113,7.1903,0
9.4007,-3.3034,0
8.3661,0.50781,0
7.1907,1.2798,0
2.1086,0.1368,0
7.2797,-2.2692,0
6.4023,-2.432,0
8.811,-3.1886,0
7.9212,1.093,0
2.8597,0.19678,0
6.0423,0.26019,0
-3.3315,5.1305,0
10.8306,2.769,0
11.3045,-3.3394,0
-4.4076,5.9856,0
10.3216,-3.7121,0
-4.0951,4.367,0
-1.6037,8.4756,0
-0.0248,1.2421,0
6.5906,0.55837,0
3.7061,0.70403,0
2.5762,2.0107,0
-6.8638,8.132,0
0.27727,0.20792,0
6.3485,-0.73546,0
8.633,-2.9941,0
8.3061,0.022844,0
5.6264,-2.1235,0
-0.35799,0.44698,0
9.0489,-0.52725,0
2.4004,1.8908,0
2.5017,1.5215,0
10.754,-3.3994,0
6.1664,-2.5905,0
1.8479,3.1375,0
5.9409,-2.8544,0
12.606,2.9464,0
4.3682,2.1384,0
-2.4852,1.608,0
6.87,-1.0568,0
5.7526,-0.18537,0
9.1566,-2.1492,0
0.96427,4.0243,0
-2.0403,2.5574,0
4.5731,2.057,0
8.8172,-1.5323,0
7.4556,-1.3284,0
7.528,-0.41929,0
1.4609,1.3501,0
12.5026,0.69118,0
5.8312,-2.4097,0
10.3567,-3.7301,0
2.2369,2.7236,0
6.7334,1.0708,0
7.7598,-2.4491,0
-4.7738,8.527,0
0.66216,4.1494,0
-0.76771,7.7575,0
-0.053811,5.6703,0
1.4816,-0.48355,0
0.33521,2.2566,0
4.302,0.55923,0
10.8513,-3.1466,0
11.6542,-0.057699,0
1.1981,0.66633,0
-4.8069,3.3491,0
8.7903,-2.2324,0
-3.9172,3.9746,0
6.1458,1.0176,0
0.71596,1.9507,0
1.0367,0.75973,0
9.3614,-3.6316,0
9.887,-4.0788,0
-4.4117,3.8238,0
-4.8152,6.3549,0
3.733,0.6312,0
7.9274,-0.056842,0
0.51524,1.0279,0
-4.8794,3.3662,0
-0.25246,5.1707,0
11.1741,-4.3582,0
-0.64976,7.6659,0
12.7302,0.91738,0
10.9258,-3.8929,0
0.82356,4.6369,0
7.9129,0.29018,0
7.586,-0.28562,0
8.0764,-3.0515,0
3.3295,0.83598,0
-6.7748,8.3873,0
0.9291,0.78543,0
-5.1422,4.2916,0
10.3671,-4.413,0
9.171,-3.6461,0
9.1566,-2.0867,0
8.0081,-0.23592,0
10.067,-1.1982,0
-4.7904,3.3954,0
-0.8091,5.1022,0
8.9331,-2.0807,0
8.2957,-2.5605,0
11.8052,-0.40472,0
0.40143,1.4563,0
-6.839,8.4207,0
6.8369,0.69718,0
-5.3036,3.8803,0
8.5482,0.4187,0
8.3847,-2.0995,0
8.1881,-3.1338,0
8.6413,-1.6351,0
-3.0087,2.6773,0
-5.5871,8.6564,0
2.4728,4.4578,0
1.7734,6.7756,0
3.5116,-1.2538,0
7.2321,-1.0713,0
5.1815,1.0673,0
10.3009,-4.8003,0
7.4432,0.41099,0
-2.9156,2.2129,0
6.4003,1.5506,0
2.6218,1.8513,0
10.9796,-3.557,0
2.7811,0.66119,0
10.1374,-1.331,0
8.3682,-1.4004,0
11.8797,0.41613,0
10.1808,-4.7857,0
3.2798,-1.2701,0
5.4049,-2.5228,0
9.3221,2.1307,0
8.9951,-4.383,0
1.8127,6.9144,0
0.68906,0.77344,0
6.841,-0.029423,0
9.2207,-3.7044,0
6.8514,-1.5443,0
8.1881,-3.1338,0
3.2074,-0.15966,0
7.6294,1.5754,0
-4.449,3.5427,0
1.1484,2.1401,0
-0.52974,0.50439,0
7.1783,-1.5195,0
7.6398,-2.4243,0
-2.9674,2.3689,0
6.063,0.54723,0
0.43661,4.5864,0
0.7201,1.6928,0
-5.4236,3.8255,0
3.5178,0.7623,0
0.97462,4.2265,0
-3.9482,4.2625,0
-2.3507,1.7048,0
5.2187,-2.5425,0
-2.5163,2.8093,0
-6.1665,8.0831,0
7.0811,-1.3258,0
7.05,-0.58808,0
-3.0336,2.5334,0
-0.4449,0.23448,0
5.8561,1.8762,0
-0.031048,0.32616,0
6.8121,1.8128,0
-2.5928,2.3183,0
6.0464,-0.11168,0
10.2926,-1.2821,0
2.5762,1.3098,0
5.9781,1.1941,0
-1.0471,8.0514,0
9.4359,-0.094543,0
-4.5938,5.9068,0
-3.3729,2.5976,0
-4.3062,6.0241,0
2.9073,1.0579,0
10.7044,-3.3085,0
10.694,1.7022,0
8.1881,-3.1338,0
-6.9321,8.2888,0
2.7356,1.3278,0
-2.6528,2.1375,0
6.8741,0.91995,0
8.7944,-3.6359,0
-3.3109,2.6491,0
3.7557,-1.7345,0
6.1292,0.84027,0
0.89599,5.7568,0
-0.56078,7.7215,0
-0.024841,1.2421,0
0.46351,1.4281,0
-4.1634,3.5008,0
-3.2633,3.0895,0
-2.628,3.1529,0
11.0334,3.1863,0
8.8793,-1.9136,0
5.8974,0.49839,0
7.1328,-0.31475,0
9.3262,-3.6873,0
1.3926,1.7125,0
6.6424,-1.1425,0
2.9508,1.0271,0
-4.1427,5.2333,0
-3.884,3.3577,0
-3.584,3.6884,0
10.8223,2.6439,0
7.6398,-2.0824,0
5.8209,1.1959,0
7.3273,0.46583,0
5.7919,0.065686,0
-3.3378,2.5865,0
5.3905,-2.4037,0
-0.0248,1.2421,0
11.1513,-3.9272,0
9.1814,-1.6326,0
0.36625,2.1992,0
10.2243,-1.097,0
7.8612,-0.87598,0
6.8576,-1.1622,0
-3.7082,5.2804,0
10.2491,-4.0926,0
6.0299,-2.0156,0
10.4643,-4.3839,0
-3.6978,3.9943,0
4.5462,2.2935,0
6.9942,-1.8511,0
-3.1039,2.3757,0
1.4423,1.0219,0
-4.8297,3.4553,0
3.9606,-1.983,0
3.4184,0.20706,0
1.6223,3.0312,0
-4.4697,8.2219,0
6.9859,-1.9967,0
10.1891,-3.9323,0
3.3605,2.0321,0
8.5709,-3.0326,0
-3.2633,3.0895,0
7.2673,-0.409,0
5.4132,-1.8219,0
-0.76978,5.5854,0
0.32694,0.17965,0
-1.3678,7.0858,0
8.1116,-2.9512,0
7.2756,1.1504,0
8.5565,-3.3917,0
-3.7454,2.8273,0
8.5234,1.4461,0
10.1374,-1.331,0
0.70975,0.75716,0
0.091039,6.2204,0
10.0008,-3.2049,0
9.109,-0.62064,0
11.4535,2.1092,0
-3.1081,2.4537,0
2.121,1.8385,0
6.7086,-0.81857,0
8.7241,2.2215,0
7.2756,-2.4766,0
9.4318,-0.66263,0
-6.4748,8.0514,0
12.6247,0.73573,0
-3.0957,2.8093,0
9.6594,-0.28819,0
1.7071,-0.051701,0
8.3516,-2.5425,0
3.0294,2.9164,0
7.6336,-1.9427,0
7.1742,0.78457,0
0.0082678,6.6042,0
0.66009,6.0096,0
-4.391,4.7466,0
8.0992,-0.24877,0
6.5989,-0.3336,0
-5.1711,6.5991,0
0.23589,4.8477,0
2.0755,-0.2702,0
10.1477,-3.9366,0
3.1681,1.9619,0
1.8541,-0.023425,0
8.693,1.3989,0
0.40971,1.4015,0
3.5757,0.35273,0
3.3191,-1.3927,1
-0.14279,-0.031994,1
-7.1535,7.8929,1
-12.8047,15.6824,1
-8.213,10.083,1
-0.30626,1.3347,1
2.7397,-2.5323,1
3.1991,-1.8219,1
0.12415,-0.28733,1
-6.661,5.8245,1
-9.1359,9.3444,1
-6.2534,5.3524,1
-0.091058,-0.31818,1
2.8928,-3.6461,1
6.5679,0.67661,1
2.7521,-0.72261,1
-1.8768,2.4023,1
-9.0366,9.0162,1
-12.9309,13.1779,1
-6.8824,5.4681,1
-0.38696,-0.47841,1
3.3605,-4.5064,1
4.8587,-0.76888,1
-0.30005,1.4238,1
-7.1059,6.6188,1
-10.4519,9.1139,1
-4.3496,1.9901,1
1.1857,-2.6411,1
3.8095,-4.9408,1
7.3708,-0.31218,1
0.45523,2.4391,1
-5.4484,5.8039,1
-6.3444,4.6575,1
0.47799,-1.9804,1
4.2503,-4.9023,1
4.84,-5.2613,1
9.1048,-0.38758,1
2.7935,0.32274,1
-1.5147,1.219,1
-2.0113,-0.19565,1
1.9327,-3.2888,1
3.3377,-4.0557,1
3.0729,-3.3857,1
3.3253,-0.51954,1
8.6806,0.0091344,1
3.3419,0.77258,1
-0.062088,0.68604,1
-0.010356,-0.99337,1
2.4748,-2.9452,1
1.9348,-2.3729,1
1.0512,-0.46298,1
1.5685,-0.084261,1
-1.4733,2.8718,1
-6.841,10.7402,1
-5.9037,10.9818,1
3.8654,-0.3336,1
1.4733,-1.4192,1
-5.0966,6.6779,1
-13.4979,17.6772,1
-8.3123,12.4547,1
-0.53181,2.3877,1
3.2301,-1.3575,1
-0.14693,0.044265,1
-7.0314,7.4936,1
-12.4736,14.9704,1
-8.0971,10.1772,1
-0.10554,1.2798,1
3.0915,-2.3969,1
3.2922,-1.9702,1
-0.020702,-0.066267,1
-6.6383,5.7491,1
-9.0407,9.0694,1
-6.0237,5.2419,1
0.039307,-0.24192,1
3.0025,-3.6067,1
6.6651,0.52581,1
3.166,-1.0002,1
-2.0776,2.8093,1
-9.3263,9.3727,1
-12.8461,12.7957,1
-6.7893,5.2761,1
-0.24832,-0.45613,1
3.5612,-4.407,1
4.898,-0.92311,1
-0.16762,1.321,1
-7.3046,6.839,1
-10.0712,8.4156,1
-4.002,1.8471,1
1.1071,-2.4706,1
3.9544,-4.772,1
7.0542,-0.17252,1
0.42212,2.6225,1
-5.6574,6.103,1
-6.5865,4.8486,1
0.57318,-1.9402,1
4.2855,-4.8457,1
5.0097,-5.0394,1
9.1752,-0.27448,1
2.6901,0.16165,1
-1.4402,1.1273,1
-1.7175,-0.52553,1
1.9182,-3.2828,1
3.5012,-3.9795,1
3.2322,-3.282,1
3.4619,-0.47841,1
8.7696,0.23191,1
3.4288,0.56265,1
0.10139,0.55323,1
0.3766,-1.2898,1
2.5349,-3.0464,1
1.9824,-2.3163,1
1.4671,-0.72689,1
1.9679,-0.42357,1
-0.84841,2.5377,1
-6.2285,10.2389,1
-5.3118,10.3846,1
4.0372,-0.45356,1
1.4174,-1.4252,1
-4.8359,6.6479,1
-13.2889,17.3087,1
-7.7267,11.9655,1
-0.32696,2.1324,1
2.9984,-1.1664,1
-1.0512,1.4024,1
-8.4985,9.1122,1
-12.7406,15.5573,1
-6.8452,8.9999,1
0.25244,0.7623,1
3.2881,-2.2701,1
2.8659,-1.6488,1
-0.69529,0.87711,1
-7.4473,6.492,1
-9.0883,9.2416,1
-5.1277,4.5624,1
0.62905,-0.64121,1
3.1784,-3.5767,1
6.6258,-0.19908,1
2.1438,-0.47241,1
-2.8018,3.7115,1
-10.1498,9.6152,1
-12.0205,11.9149,1
-5.7381,4.3919,1
0.65388,-1.1793,1
3.6357,-4.4044,1
4.0537,-0.45699,1
-1.3781,2.3055,1
-8.1157,7.0858,1
-9.2828,7.719,1
-3.4619,1.7048,1
1.852,-3.0121,1
4.0309,-4.6435,1
6.2699,0.15822,1
-0.77392,3.3602,1
-6.332,6.0987,1
-5.167,3.4399,1
0.89599,-1.9702,1
4.5565,-4.9888,1
4.7738,-4.8431,1
8.1819,0.27818,1
1.7713,0.68946,1
-2.2535,1.518,1
-0.94981,-1.0731,1
2.2121,-3.1183,1
3.6833,-4.0129,1
3.2405,-3.0669,1
3.9958,-0.35845,1
7.9295,0.61663,1
2.6652,0.78886,1
-0.23798,0.56008,1
0.89392,-1.6283,1
2.4066,-2.8416,1
1.8189,-2.2169,1
1.0926,-0.35502,1
1.254,0.27218,1
-2.4087,4.5735,1
-7.6563,11.8318,1
-5.5167,10.939,1
3.8385,-0.79544,1
0.70148,-0.51182,1
-6.841,8.9494,1
-13.7731,17.9274,1
-7.1121,11.3897,1
-0.05588,1.949,1
3.4329,-1.2144,1
0.13863,-0.19651,1
-6.8121,7.1398,1
-12.1736,14.3689,1
-8.6289,10.4403,1
-0.48422,1.704,1
2.7852,-2.1835,1
3.2715,-1.7671,1
0.39315,-0.32846,1
-6.3879,5.5255,1
-9.1069,8.9991,1
-6.3113,5.355,1
-0.23591,0.020273,1
3.0439,-3.4816,1
6.4479,1.0836,1
3.3129,-0.88369,1
-1.2519,2.2635,1
-8.8131,8.7086,1
-12.9889,13.0545,1
-7.108,5.6454,1
-0.68287,0.096532,1
3.5674,-4.3882,1
5.1401,-0.65063,1
0.20692,1.2473,1
-6.4479,6.0344,1
-9.9532,8.4756,1
-4.0061,1.7956,1
1.0595,-2.3437,1
3.8923,-4.8277,1
7.5032,-0.13396,1
0.60836,2.7039,1
-5.227,5.63,1
-6.541,4.8151,1
0.29176,-1.6506,1
4.2068,-4.5398,1
5.2022,-5.2159,1
9.2952,-0.43642,1
2.8763,0.1548,1
-1.4092,1.1582,1
-1.7672,-0.34474,1
1.9161,-3.1098,1
3.4826,-3.6307,1
3.2136,-3.3085,1
3.2239,-0.69347,1
8.8172,-0.061983,1
3.4515,0.66719,1
0.31245,0.45041,1
0.14277,-1.1622,1
2.3383,-2.9812,1
1.6533,-2.1964,1
1.1815,-0.55552,1
2.0838,-0.46813,1
-0.98912,2.3586,1
-6.6362,10.5405,1
-6.1789,11.388,1
3.8964,-0.1888,1
1.525,-1.4089,1
-4.778,6.2109,1
-13.0551,16.9583,1
-8.5089,12.363,1
-0.60424,2.6045,1
2.7956,-1.2341,1
-1.1816,1.3818,1
-8.6848,9.155,1
-12.4922,14.8881,1
-6.6258,8.6521,1
0.31038,0.77344,1
3.2964,-2.2563,1
2.868,-1.8108,1
-1.0885,1.0039,1
-7.9026,6.7807,1
-9.3676,9.3333,1
-5.1008,4.5367,1
0.54214,-0.52725,1
3.3812,-3.6684,1
6.6755,-0.24278,1
2.1376,-0.47584,1
-3.226,3.8058,1
-10.7665,10.2184,1
-12.2377,11.9552,1
-5.8395,4.5641,1
0.39108,-0.98223,1
3.735,-4.4379,1
3.9213,-0.49212,1
-1.6906,2.518,1
-8.6475,7.6796,1
-9.6035,7.7764,1
-3.3584,1.3749,1
1.9596,-3.0584,1
4.1199,-4.569,1
5.8333,0.54723,1
-0.78427,3.0141,1
-6.7686,6.6753,1
-5.5602,4.0483,1
1.1029,-2.3,1
4.78,-5.1362,1
4.8773,-4.9194,1
8.0433,0.044265,1
1.6327,0.83598,1
-2.2183,1.6054,1
-1.0243,-0.94024,1
2.2638,-3.1046,1
3.6957,-4.1594,1
3.1329,-3.0112,1
4.0289,-0.35845,1
7.6584,0.5558,1
2.5162,0.83341,1
-0.24418,0.70146,1
0.80494,-1.6411,1
2.6528,-2.7756,1
1.7237,-2.1501,1
1.1815,-0.53324,1
1.2271,0.18564,1
-2.2121,4.2591,1
-7.2135,11.6433,1
-4.9932,10.4052,1
3.6668,-0.6969,1
0.60422,-0.38587,1
-6.719,9.0162,1
-13.6779,17.5795,1
-6.5389,10.5234,1
0.18002,1.7956,1
2.9611,-1.2864,1
-0.99326,1.0947,1
-8.4385,8.8483,1
-13.0365,15.6773,1
-6.959,8.8054,1
0.18416,0.90539,1
3.3088,-2.2829,1
2.9094,-1.7859,1
-0.82358,0.78543,1
-7.9233,6.7156,1
-9.5828,9.4044,1
-5.554,4.7749,1
0.22347,-0.47327,1
3.2674,-3.5562,1
6.6486,-0.049987,1
2.3134,-0.44499,1
-3.3771,4.1211,1
-10.5244,9.9176,1
-12.813,12.6689,1
-6.301,4.7843,1
0.25865,-0.84085,1
3.764,-4.4738,1
4.1986,-0.5898,1
-1.5706,2.4357,1
-8.7903,7.9735,1
-9.8808,8.1088,1
-3.7723,1.6131,1
1.7982,-2.9581,1
3.913,-4.5544,1
6.0692,0.57208,1
-1.0553,3.8949,1
-6.8141,6.7019,1
-5.7154,3.8298,1
0.66837,-2.0267,1
4.5503,-4.976,1
4.8525,-4.7986,1
8.1261,0.13081,1
1.7775,0.73745,1
-2.09,1.584,1
-1.1505,-0.95138,1
2.0982,-3.1954,1
3.6067,-4.0557,1
3.0977,-2.9607,1
3.8157,-0.31304,1
8.0102,0.4247,1
2.7749,0.68261,1
-0.097265,0.61663,1
0.79459,-1.6968,1
2.4769,-2.9512,1
1.7734,-2.2469,1
0.99945,-0.28562,1
1.5706,0.045979,1
-1.8624,4.026,1
-7.5756,11.8678,1
-5.6636,10.969,1
3.8468,-0.63435,1
0.73252,-0.67891,1
-6.4624,8.4773,1
-13.6593,17.6052,1
-7.2404,11.4419,1
-0.10554,1.9336,1
3.3791,-1.2256,1
-0.15521,0.060545,1
-7.257,7.9597,1
-12.8006,15.6199,1
-8.215,10.3315,1
-0.49457,1.333,1
2.7956,-2.378,1
3.3584,-1.7302,1
0.32487,-0.33617,1
-6.6072,5.8022,1
-9.349,9.7942,1
-6.4789,5.7568,1
-0.097265,-0.21793,1
2.8452,-3.6436,1
6.8017,0.85483,1
2.7645,-0.62578,1
-1.9162,2.5154,1
-9.3304,9.233,1
-12.9723,12.9817,1
-7.1163,5.7902,1
-0.64562,-0.42014,1
3.3108,-4.5081,1
4.7283,-0.49126,1
-0.68494,1.9833,1
-7.4494,6.8964,1
-10.5099,9.0239,1
-4.449,2.1067,1
0.9022,-2.3506,1
3.8426,-4.9314,1
7.259,0.070827,1
-0.02691,2.9618,1
-5.7899,6.0122,1
-6.572,4.7689,1
0.17174,-1.7859,1
3.9544,-4.7412,1
4.8504,-5.2133,1
9.2848,0.014275,1
2.4273,0.6809,1
-2.1252,1.7151,1
-2.2121,-0.051701,1
1.7299,-3.1963,1
3.4226,-3.9692,1
3.1929,-3.4054,1
3.5219,-0.38415,1
8.9931,0.2182,1
3.1205,1.075,1
-0.14279,0.97565,1
-0.080711,-0.75774,1
2.4811,-2.8673,1
2.0279,-2.3652,1
1.2767,-0.64206,1
1.8023,0.1805,1
-1.254,2.9986,1
-6.572,10.5251,1
-5.8023,11.244,1
3.944,-0.07912,1
1.7361,-1.4938,1
-4.7428,6.3489,1
-13.0634,17.1116,1
-8.304,12.555,1
-0.67253,2.7056,1
3.5447,-1.3721,1
0.039307,0.05369,1
-6.8824,7.5416,1
-12.9371,15.6559,1
-8.2916,10.3032,1
-0.40145,1.4855,1
2.8825,-2.3086,1
3.6874,-1.9385,1
0.65181,-0.48869,1
-6.3486,5.6154,1
-9.4711,9.7668,1
-6.5907,5.6429,1
-0.033118,-0.20165,1
2.957,-3.5947,1
6.9879,0.67833,1
3.2777,-0.9351,1
-1.3678,1.997,1
-9.2497,8.9922,1
-12.7095,12.7957,1
-6.9756,5.5383,1
-0.50077,-0.35417,1
3.3998,-4.4327,1
4.9601,-0.64892,1
-0.24418,1.4041,1
-6.8555,6.2169,1
-10.3257,8.784,1
-4.4448,2.2241,1
0.99945,-2.2126,1
3.8944,-4.7275,1
7.2363,0.10938,1
0.45937,2.3457,1
-5.6967,5.9179,1
-6.7562,5.0585,1
0.17381,-1.7542,1
4.1323,-4.7018,1
4.987,-5.1508,1
9.6014,-0.25392,1
2.4955,0.79571,1
-1.7051,1.5026,1
-1.9162,-0.15538,1
2.0879,-3.3522,1
3.6771,-4.0771,1
3.4019,-3.4859,1
3.7909,-0.6532,1
9.2,0.25933,1
3.5716,0.82742,1
0.30417,0.6569,1
0.16967,-1.0054,1
2.808,-3.1432,1
2.3072,-2.5237,1
1.6285,-0.88541,1
1.8955,0.1865,1
-0.85669,2.7185,1
-5.974,10.0916,1
-5.1877,10.4266,1
4.0723,-0.23678,1
1.8458,-1.3575,1
-4.5566,6.4534,1
-13.0303,17.0834,1
-8.1819,12.1291,1
-0.7077,2.5325,1
3.6026,-1.4166,1
0.13036,-0.031137,1
-6.8266,7.5339,1
-12.5854,15.4417,1
-7.8322,9.8208,1
-0.22763,1.488,1
3.0211,-2.4132,1
3.5074,-1.7842,1
0.5587,-0.38587,1
-6.301,5.6506,1
-9.1566,9.5766,1
-6.1603,5.606,1
0.084831,-0.2462,1
3.257,-3.6778,1
6.7934,0.68604,1
3.1101,-0.83228,1
-1.432,2.1144,1
-9.0407,8.862,1
-12.8792,13.0597,1
-6.8969,5.5992,1
-0.32902,-0.42785,1
3.7412,-4.5415,1
4.9166,-0.49212,1
-0.43663,1.692,1
-7.3625,6.9255,1
-10.4602,8.9717,1
-4.4862,2.2009,1
1.0015,-2.2726,1
3.8944,-4.8166,1
7.3915,0.029699,1
0.35591,2.6473,1
-5.7133,5.953,1
-6.6072,4.8254,1
0.11794,-1.6823,1
4.0744,-4.7635,1
4.8856,-5.149,1
9.5311,0.022844,1
2.6218,0.62863,1
-1.6058,1.3647,1
-2.1252,-0.10397,1
1.9741,-3.3668,1
3.644,-4.0746,1
3.4598,-3.4405,1
3.6812,-0.60008,1
9.2931,0.16594,1
3.3005,1.063,1
0.22968,0.7126,1
0.12415,-1.0465,1
2.6963,-3.1226,1
2.1996,-2.5862,1
1.4381,-0.82114,1
1.9037,-0.035421,1
-0.95602,2.7073,1
-6.0816,10.0958,1
-5.1463,10.3332,1
4.0392,-0.3019,1
1.7485,-1.4801,1
-4.4159,5.983,1
-12.7509,16.7166,1
-7.8633,11.8387,1
-0.50491,2.6328,1
3.3357,-1.3455,1
-0.3104,0.18307,1
-7.3191,7.8981,1
-12.5667,15.1606,1
-8.273,10.2646,1
-0.38903,1.62,1
2.8183,-2.426,1
3.0605,-1.8356,1
-0.045533,-0.18794,1
-6.7583,5.8408,1
-9.5001,9.682,1
-6.4168,5.6026,1
-0.17383,-0.11339,1
2.9301,-3.5467,1
6.3258,0.89768,1
2.6735,-0.84085,1
-1.7837,2.135,1
-9.6698,9.4652,1
-13.2869,13.4727,1
-7.2508,6.0139,1
-0.52147,-0.40386,1
3.3708,-4.4987,1
4.5193,-0.58123,1
-0.31247,1.2815,1
-7.2446,6.5537,1
-10.8679,9.4926,1
-4.5152,2.1195,1
0.86909,-2.3138,1
3.8013,-4.9143,1
7.1225,-0.083404,1
-0.099335,2.8127,1
-5.823,5.8699,1
-6.7128,4.9857,1
0.23589,-1.8785,1
4.0951,-4.8037,1
4.8731,-5.2861,1
9.1214,-0.41929,1
2.3445,0.52667,1
-2.1562,1.7082,1
-2.2038,-0.0954,1
1.9017,-3.3111,1
3.4288,-4.0309,1
3.2219,-3.4302,1
3.3564,-0.72004,1
8.7096,-0.21621,1
2.9239,0.87026,1
-0.3911,0.93452,1
-0.19038,-0.90597,1
2.4914,-2.9401,1
1.9368,-2.4697,1
1.0636,-0.71232,1
1.5933,0.045122,1
-1.4237,2.9241,1
-6.63,10.4849,1
-5.8126,10.8867,1
3.7433,-0.40215,1
1.3492,-1.4501,1
-4.8773,6.4774,1
-13.4586,17.5932,1
-8.3827,12.393,1
-0.65804,2.6842,1
